{
  "total_run_observations": 10,
  "measured_iterations_per_run": 3,
  "warmup_iterations_discarded": 1,
  "num_runs": 10,
  "sample_size": 50,
  "cpu_model": "Intel(R) Core(TM) i7-9750H CPU @ 2.60GHz",
  "tdp_w": 35,
  "idle_baseline_w": 3.5,
  "baseline_energy_j": {
    "mean": 82.5452149172048,
    "stddev": 47.38093168648068,
    "median": 70.59521195201009,
    "min": 23.2100442,
    "max": 165.31968798333335,
    "n": 10
  },
  "efficient_energy_j": {
    "mean": 82.76935144811947,
    "stddev": 47.22714223410075,
    "median": 70.77283080000001,
    "min": 23.596138299999996,
    "max": 165.33232566666666,
    "n": 10
  },
  "energy_saving_j": {
    "mean": -0.2241365309146594,
    "stddev": 0.2654496484771821,
    "median": -0.3154098499999982,
    "min": -0.5697959166666718,
    "max": 0.2930663725099407,
    "n": 10
  },
  "energy_saving_pct": {
    "mean": -0.5594226971740015,
    "stddev": 0.6664436297712691,
    "median": -0.4615711947569804,
    "min": -1.8279571331623539,
    "max": 0.1966319727402217,
    "n": 10
  },
  "baseline_duration_ms": {
    "mean": 23560.986793333333,
    "stddev": 13511.759854695038,
    "median": 20157.85278333333,
    "min": 6631.441200000001,
    "max": 47234.19656666667,
    "n": 10
  },
  "efficient_duration_ms": {
    "mean": 23643.543953333334,
    "stddev": 13488.486849740228,
    "median": 20220.8088,
    "min": 6741.753800000001,
    "max": 47237.80733333333,
    "n": 10
  },
  "duration_saving_ms": {
    "mean": -82.5571599999982,
    "stddev": 63.13920501405034,
    "median": -90.11709999999826,
    "min": -177.0048333333325,
    "max": 8.760933333338471,
    "n": 10
  },
  "run_summaries": [
    {
      "run": 1,
      "sample_file_count": 50,
      "average_baseline_energy_j": 147.96282422166416,
      "average_efficient_energy_j": 147.66975784915425,
      "average_energy_saving_j": 0.2930663725099407,
      "average_energy_saving_pct": 0.1966319727402217,
      "average_baseline_duration_ms": 42113.3071,
      "average_efficient_duration_ms": 42167.3916,
      "average_duration_saving_ms": -54.08449999999963
    },
    {
      "run": 2,
      "sample_file_count": 50,
      "average_baseline_energy_j": 85.2324858540202,
      "average_efficient_energy_j": 85.61838681666667,
      "average_energy_saving_j": -0.3859009626464787,
      "average_energy_saving_pct": -0.45257442983166585,
      "average_baseline_duration_ms": 24327.723266666657,
      "average_efficient_duration_ms": 24462.396233333333,
      "average_duration_saving_ms": -134.67296666667366
    },
    {
      "run": 3,
      "sample_file_count": 50,
      "average_baseline_energy_j": 114.89211197969696,
      "average_efficient_energy_j": 115.43131014870706,
      "average_energy_saving_j": -0.5391981690101014,
      "average_energy_saving_pct": -0.47056795968229487,
      "average_baseline_duration_ms": 32778.91553333333,
      "average_efficient_duration_ms": 32955.920366666665,
      "average_duration_saving_ms": -177.0048333333325
    },
    {
      "run": 4,
      "sample_file_count": 50,
      "average_baseline_energy_j": 55.957938049999996,
      "average_efficient_energy_j": 55.92727478333333,
      "average_energy_saving_j": 0.030663266666673888,
      "average_energy_saving_pct": 0.05600786913305372,
      "average_baseline_duration_ms": 15987.982300000003,
      "average_efficient_duration_ms": 15979.221366666663,
      "average_duration_saving_ms": 8.760933333338471
    },
    {
      "run": 5,
      "sample_file_count": 50,
      "average_baseline_energy_j": 43.934454550000005,
      "average_efficient_energy_j": 44.30468163333334,
      "average_energy_saving_j": -0.37022708333332827,
      "average_energy_saving_pct": -0.846072561525959,
      "average_baseline_duration_ms": 12552.701299999999,
      "average_efficient_duration_ms": 12658.480466666666,
      "average_duration_saving_ms": -105.77916666666654
    },
    {
      "run": 6,
      "sample_file_count": 50,
      "average_baseline_energy_j": 47.94577398333333,
      "average_efficient_energy_j": 48.206366599999996,
      "average_energy_saving_j": -0.26059261666666816,
      "average_energy_saving_pct": -0.5453368547864148,
      "average_baseline_duration_ms": 13698.79256666667,
      "average_efficient_duration_ms": 13773.247599999997,
      "average_duration_saving_ms": -74.45503333333
    },
    {
      "run": 7,
      "sample_file_count": 50,
      "average_baseline_energy_j": 165.31968798333335,
      "average_efficient_energy_j": 165.33232566666666,
      "average_energy_saving_j": -0.012637683333328672,
      "average_energy_saving_pct": -0.007632583675380463,
      "average_baseline_duration_ms": 47234.19656666667,
      "average_efficient_duration_ms": 47237.80733333333,
      "average_duration_saving_ms": -3.610766666662433
    },
    {
      "run": 8,
      "sample_file_count": 50,
      "average_baseline_energy_j": 109.60850226666668,
      "average_efficient_energy_j": 109.6491506833333,
      "average_energy_saving_j": -0.04064841666663218,
      "average_energy_saving_pct": -0.039414295332789895,
      "average_baseline_duration_ms": 31316.71493333334,
      "average_efficient_duration_ms": 31328.328766666662,
      "average_duration_saving_ms": -11.613833333324388
    },
    {
      "run": 9,
      "sample_file_count": 50,
      "average_baseline_energy_j": 31.38832608333333,
      "average_efficient_energy_j": 31.958122,
      "average_energy_saving_j": -0.5697959166666718,
      "average_energy_saving_pct": -1.8279571331623539,
      "average_baseline_duration_ms": 8968.093166666667,
      "average_efficient_duration_ms": 9130.891999999998,
      "average_duration_saving_ms": -162.79883333333177
    },
    {
      "run": 10,
      "sample_file_count": 50,
      "average_baseline_energy_j": 23.2100442,
      "average_efficient_energy_j": 23.596138299999996,
      "average_energy_saving_j": -0.38609409999999994,
      "average_energy_saving_pct": -1.657310995616432,
      "average_baseline_duration_ms": 6631.441200000001,
      "average_efficient_duration_ms": 6741.753800000001,
      "average_duration_saving_ms": -110.31259999999959
    }
  ],
  "generated_at": "2026-04-01T00:43:47.167Z"
}