{
  "total_run_observations": 5,
  "measured_iterations_per_run": 3,
  "warmup_iterations_discarded": 1,
  "num_runs": 5,
  "sample_size": 50,
  "cpu_model": "Intel(R) Core(TM) i7-9750H CPU @ 2.60GHz",
  "tdp_w": 35,
  "idle_baseline_w": 3.5,
  "baseline_energy_j": {
    "mean": 62.629768553333335,
    "stddev": 34.061952533042174,
    "median": 54.971236600000005,
    "min": 24.253388366666666,
    "max": 126.67846123333334,
    "n": 5
  },
  "efficient_energy_j": {
    "mean": 62.99730947840497,
    "stddev": 34.22839678827296,
    "median": 55.17818891666667,
    "min": 24.44202751666667,
    "max": 127.3735699753582,
    "n": 5
  },
  "energy_saving_j": {
    "mean": -0.36754092507163655,
    "stddev": 0.22530430745793742,
    "median": -0.20695231666666558,
    "min": -0.6951087420248475,
    "max": -0.1629744666666658,
    "n": 5
  },
  "energy_saving_pct": {
    "mean": -0.6276066089330865,
    "stddev": 0.30023750579853525,
    "median": -0.5487238470690633,
    "min": -1.128795687597373,
    "max": -0.30113747134641317,
    "n": 5
  },
  "baseline_duration_ms": {
    "mean": 17894.219586666666,
    "stddev": 9731.98643801205,
    "median": 15706.0676,
    "min": 6929.539533333332,
    "max": 36193.84606666667,
    "n": 5
  },
  "efficient_duration_ms": {
    "mean": 17985.108313333338,
    "stddev": 9752.984405135558,
    "median": 15765.19683333333,
    "min": 6983.436433333332,
    "max": 36321.83373333335,
    "n": 5
  },
  "duration_saving_ms": {
    "mean": -90.8887266666678,
    "stddev": 47.93863172246497,
    "median": -59.12923333332886,
    "min": -166.8657000000003,
    "max": -46.5641333333327,
    "n": 5
  },
  "run_summaries": [
    {
      "run": 1,
      "sample_file_count": 50,
      "average_baseline_energy_j": 52.01039491666666,
      "average_efficient_energy_j": 52.594424866666664,
      "average_energy_saving_j": -0.5840299499999991,
      "average_energy_saving_pct": -1.128795687597373,
      "average_baseline_duration_ms": 14860.112833333334,
      "average_efficient_duration_ms": 15026.978533333335,
      "average_duration_saving_ms": -166.8657000000003
    },
    {
      "run": 2,
      "sample_file_count": 50,
      "average_baseline_energy_j": 24.253388366666666,
      "average_efficient_energy_j": 24.44202751666667,
      "average_energy_saving_j": -0.18863915000000495,
      "average_energy_saving_pct": -0.782327275755765,
      "average_baseline_duration_ms": 6929.539533333332,
      "average_efficient_duration_ms": 6983.436433333332,
      "average_duration_saving_ms": -53.896900000002155
    },
    {
      "run": 3,
      "sample_file_count": 50,
      "average_baseline_energy_j": 126.67846123333334,
      "average_efficient_energy_j": 127.3735699753582,
      "average_energy_saving_j": -0.6951087420248475,
      "average_energy_saving_pct": -0.5487238470690633,
      "average_baseline_duration_ms": 36193.84606666667,
      "average_efficient_duration_ms": 36321.83373333335,
      "average_duration_saving_ms": -127.98766666667507
    },
    {
      "run": 4,
      "sample_file_count": 50,
      "average_baseline_energy_j": 55.235361649999994,
      "average_efficient_energy_j": 55.39833611666666,
      "average_energy_saving_j": -0.1629744666666658,
      "average_energy_saving_pct": -0.30113747134641317,
      "average_baseline_duration_ms": 15781.531900000002,
      "average_efficient_duration_ms": 15828.096033333335,
      "average_duration_saving_ms": -46.5641333333327
    },
    {
      "run": 5,
      "sample_file_count": 50,
      "average_baseline_energy_j": 54.971236600000005,
      "average_efficient_energy_j": 55.17818891666667,
      "average_energy_saving_j": -0.20695231666666558,
      "average_energy_saving_pct": -0.37704876289681816,
      "average_baseline_duration_ms": 15706.0676,
      "average_efficient_duration_ms": 15765.19683333333,
      "average_duration_saving_ms": -59.12923333332886
    }
  ],
  "generated_at": "2026-04-01T15:31:07.700Z"
}